streetLabel	personLabel	genderLabel	coordinate	postalCode
Arndtstraße	Ernst Moritz Arndt	männlich	Point(13.773429 51.068022)	1099
Louis-Braille-Straße	Louis Braille	männlich	Point(13.773708 51.068286)	1099
Marienallee	Maria Anna von Portugal	weiblich	Point(13.766196 51.073957)	1099
Arno-Holz-Allee	Arno Holz	männlich	Point(13.766793 51.071709)	1099
Nieritzstraße	Karl Gustav Nieritz	männlich	Point(13.741466 51.062148)	1097
Theresienstraße	Maria Theresia von Österreich	weiblich	Point(13.742361 51.062808)	1097
Heinrichstraße	Heinrich der Fromme	männlich	Point(13.740617 51.059864)	1097
Carolinenstraße	Karoline Ferdinande von Österreich	weiblich	Point(13.744284 51.063634)	1097
Hartigstraße	Karl Ernst Hartig	männlich	Point(13.72861 51.072401)	1127
Gehestraße	Franz Ludwig Gehe	männlich	Point(13.730346 51.073585)	1127
Hedwigstraße	Hedwig von Dänemark	weiblich	Point(13.735355 51.063756)	1097
Händelallee	Georg Friedrich Händel	männlich	Point(13.787394 51.056762)	1309
Gerokstraße	Karl von Gerok	männlich	Point(13.763821 51.053141)	1307
Hans-Grundig-Straße	Hans Grundig	männlich	Point(13.761469 51.051538)	1307
Heinrich-Schütz-Straße	Heinrich Schütz	männlich	Point(13.81149 51.04606)	1277
Sebastian-Bach-Straße	Johann Sebastian Bach	männlich	Point(13.792166 51.056359)	1277
Reinhold-Becker-Straße	Reinhold Becker	männlich	Point(13.807708 51.048492)	1277
Oehmestraße	Ernst Erwin Oehme	männlich	Point(13.807708 51.048492)	1277
Liststraße	Friedrich List	männlich	Point(13.731806 51.076359)	1127
Harkortstraße	Gustav Harkort	männlich	Point(13.731457 51.077237)	1127
Gustav-Freytag-Straße	Gustav Freytag	männlich	Point(13.810094 51.043943)	1277
Traubestraße	Joseph Traube	männlich	Point(13.807536 51.039836)	1277
Scariastraße	Emil Scaria	männlich	Point(13.808898 51.043659)	1277
Schaufußstraße	Ludwig Wilhelm Schaufuß	männlich	Point(13.812156 51.039653)	1277
Simrockstraße	Karl Simrock	männlich	Point(13.812675 51.044181)	1277
Spohrstraße	Louis Spohr	männlich	Point(13.813775 51.046138)	1277
Ludwig-Hartmann-Straße	Ludwig Hartmann	männlich	Point(13.812282 51.04125)	1277
Polenzstraße	Maximilian von Polenz	männlich	Point(13.808694 51.04093)	1277
Fuchsstraße	Albert Fuchs	männlich	Point(13.809609 51.050743)	1277
Draesekestraße	Felix Draeseke	männlich	Point(13.810111 51.046165)	1277
Ferdinand-Avenarius-Straße	Ferdinand Avenarius	männlich	Point(13.812052 51.047879)	1277
Gautschweg	Karl Gautsch	männlich	Point(13.805572 51.054065)	1309
Hans-Böhm-Straße	Hans Böhm	männlich	Point(13.803703 51.054888)	1309
Schubertstraße	Franz Schubert	männlich	Point(13.785731 51.057103)	1307
Senefelderstraße	Alois Senefelder	männlich	Point(13.786571 51.053325)	1307
Senefelderstraße	Alois Senefelder	männlich	Point(13.786571 51.053325)	1309
Bräterstraße	Edmund Bräter	männlich	Point(13.78508 51.0394)	1309
Bertolt-Brecht-Platz	Bertolt Brecht	männlich	Point(13.77961 51.037993)	1309
Elfriede-Lohse-Wächtler-Straße	Elfriede Lohse-Wächtler	weiblich	Point(13.783373 51.040901)	1309
Etha-Richter-Straße	Etha Richter	weiblich	Point(13.784489 51.040924)	1309
Comeniusplatz	Johann Amos Comenius	männlich	Point(13.767174 51.042265)	1307
Maria-Cebotari-Straße	Maria Cebotari	weiblich	Point(13.771441 51.051481)	1307
Silbermannstraße	Gottfried Silbermann	männlich	Point(13.764918 51.05088)	1307
Marschnerstraße	Heinrich Marschner	männlich	Point(13.759137 51.050517)	1307
Permoserstraße	Balthasar Permoser	männlich	Point(13.76369 51.05167)	1307
Zöllnerstraße	Carl Friedrich Zöllner	männlich	Point(13.768198 51.051857)	1307
Thomaestraße	Johann Benjamin Thomae	männlich	Point(13.769177 51.050007)	1307
Lortzingstraße	Albert Lortzing	männlich	Point(13.772811 51.051122)	1307
Huttenstraße	Ulrich von Hutten	männlich	Point(13.77957 51.050911)	1309
Hassestraße	Johann Adolf Hasse	männlich	Point(13.778914 51.051779)	1309
Gluckstraße	Christoph Willibald Gluck	männlich	Point(13.777868 51.051735)	1309
Kreutzerstraße	Conradin Kreutzer	männlich	Point(13.774525 51.05152)	1307
Pöppelmannstraße	Matthäus Daniel Pöppelmann	männlich	Point(13.765266 51.049494)	1307
Cranachstraße	Lucas Cranach der Ältere	männlich	Point(13.767371 51.049242)	1307
Reißigerstraße	Carl Gottlieb Reißiger	männlich	Point(13.768718 51.045839)	1307
Canalettostraße	Bernardo Bellotto	männlich	Point(13.761833 51.046686)	1307
Georg-Nerlich-Straße	Georg Nerlich	männlich	Point(13.760248 51.047804)	1307
Stephanienstraße	Stéphanie de Beauharnais	weiblich	Point(13.765397 51.047887)	1307
Stephanienplatz	Stéphanie de Beauharnais	weiblich	Point(13.765107 51.047178)	1307
Dinglingerstraße	Johann Melchior Dinglinger	männlich	Point(13.761182 51.048128)	1307
Fetscherplatz	Rainer Fetscher	männlich	Point(13.771662 51.046436)	1307
Rethelstraße	Alfred Rethel	männlich	Point(13.699168 51.072441)	1139
Klingerstraße	Max Klinger	männlich	Point(13.693793 51.071526)	1139
Thäterstraße	Julius Thaeter	männlich	Point(13.697405 51.07128)	1139
Mengsstraße	Anton Raphael Mengs	männlich	Point(13.695193 51.071609)	1139
Carrierastraße	Rosalba Carriera	weiblich	Point(13.696537 51.07048)	1139
Werftstraße	Johann Friedrich Eosander von Göthe	männlich	Point(13.694207 51.069431)	1139
Rauchstraße	Christian Daniel Rauch	männlich	Point(13.698186 51.073568)	1139
Overbeckstraße	Friedrich Overbeck	männlich	Point(13.693008 51.073951)	1139
Schwindstraße	Moritz von Schwind	männlich	Point(13.695308 51.07199)	1139
Böcklinstraße	Arnold Böcklin	männlich	Point(13.704568 51.076099)	1139
Marie-Curie-Straße	Marie Curie	weiblich	Point(13.685482 51.073686)	1139
Pisendelstraße	Johann Georg Pisendel	männlich	Point(13.701613 51.079757)	1139
Hauptmannstraße	Moritz Hauptmann	männlich	Point(13.705532 51.080723)	1139
Homiliusstraße	Gottfried August Homilius	männlich	Point(13.70586 51.080338)	1139
Zelenkastraße	Jan Dismas Zelenka	männlich	Point(13.704036 51.079452)	1139
Franz-Lehmann-Straße	Franz Lehmann	männlich	Point(13.712104 51.080344)	1139
Dreyßigplatz	Anton Dreyssig	männlich	Point(13.713105 51.080928)	1139
Gaußstraße	Carl Friedrich Gauß	männlich	Point(13.711208 51.087368)	1139
Tichatscheckstraße	Joseph Tichatschek	männlich	Point(13.713413 51.083262)	1139
Guts-Muths-Straße	Johann Christoph Friedrich GutsMuths	männlich	Point(13.713982 51.085247)	1139
Krantzstraße	Eugen Krantz	männlich	Point(13.714846 51.084876)	1139
Rietzstraße	Julius Rietz	männlich	Point(13.708751 51.08278)	1139
Wüllnerstraße	Franz Wüllner	männlich	Point(13.712023 51.082292)	1127
Wüllnerstraße	Franz Wüllner	männlich	Point(13.712023 51.082292)	1139
Bunsenstraße	Robert Wilhelm Bunsen	männlich	Point(13.707004 51.083311)	1139
Wöhlerstraße	Friedrich Wöhler	männlich	Point(13.707664 51.083555)	1139
Roßmäßlerstraße	Emil Adolf Roßmäßler	männlich	Point(13.708865 51.08371)	1139
Pettenkoferstraße	Max von Pettenkofer	männlich	Point(13.706878 51.085041)	1139
Peschelstraße	Oscar Peschel	männlich	Point(13.697869 51.087551)	1139
Wächterstraße	Karl Georg von Wächter	männlich	Point(13.69975 51.08519)	1139
Baudissinstraße	Wolf Heinrich von Baudissin	männlich	Point(13.701029 51.087786)	1139
Leuckartstraße	Rudolph Leuckhart	männlich	Point(13.700273 51.086499)	1139
Rankestraße	Leopold von Ranke	männlich	Point(13.697476 51.088385)	1139
Fechnerstraße	Gustav Theodor Fechner	männlich	Point(13.702063 51.0851)	1139
Schenkendorfstraße	Max von Schenkendorf	männlich	Point(13.701294 51.08601)	1139
Quandtstraße	Johann Gottlob von Quandt	männlich	Point(13.701148 51.090386)	1139
Roscherstraße	Wilhelm Roscher	männlich	Point(13.701574 51.089131)	1139
Kolbestraße	Hermann Kolbe	männlich	Point(13.701935 51.089651)	1139
Dungerstraße	Hermann Dunger	männlich	Point(13.695839 51.091058)	1139
Geibelstraße	Emanuel Geibel	männlich	Point(13.696945 51.089511)	1139
Hans-Fromm-Straße	Hans Fromm	männlich	Point(13.720573 51.076802)	1127
Hedwig-Langner-Weg	Hedwig Langner	weiblich	Point(13.724718 51.07472)	1127
Rosa-Steinhart-Straße	Rosa Steinhart	weiblich	Point(13.7256 51.075026)	1127
Pestalozziplatz	Johann Heinrich Pestalozzi	männlich	Point(13.733081 51.078859)	1127
Alexander-Puschkin-Platz	Alexander Sergejewitsch Puschkin	männlich	Point(13.729355 51.070474)	1127
Eschebachstraße	Carl Eschebach	männlich	Point(13.732781 51.082159)	1127
Barbarastraße	Barbara von Nikomedien	weiblich	Point(13.724391 51.084606)	1129
Hubertusstraße	Hubertus von Lüttich	männlich	Point(13.72397 51.090322)	1129
Hubertusplatz	Hubertus von Lüttich	männlich	Point(13.723634 51.089765)	1129
Bernard-Shaw-Straße	George Bernard Shaw	männlich	Point(13.855709 50.999214)	1259
Bernd-Aldenhoff-Straße	Bernd Aldenhoff	männlich	Point(13.796594 50.986629)	1257
Bernhard-Kretzschmar-Straße	Bernhard Kretzschmar	männlich	Point(13.783288 51.019805)	1219
Bernhard-Wensch-Straße	Bernhard Wensch	männlich	Point(13.696244 51.028821)	1187
Bertha-Dißmann-Straße	Bertha Dißmann	weiblich	Point(13.832495 51.123681)	1465
Berthold-Haupt-Straße	Berthold Haupt	männlich	Point(13.84678 51.00781)	1257
Berthold-Haupt-Straße	Berthold Haupt	männlich	Point(13.84678 51.00781)	1259
Bettinastraße	Bettina von Arnim	weiblich	Point(13.782703 51.068474)	1099
Biedermannstraße	Woldemar von Biedermann	männlich	Point(13.70673 51.03511)	1187
Bienertstraße	Gottlieb Traugott Bienert	männlich	Point(13.708802 51.030412)	1187
Bischof-Benno-Weg	Benno von Meißen	männlich	Point(13.61646 51.08217)	1156
Bismarckstraße	Otto von Bismarck	männlich	Point(13.81665 51.00584)	1257
Bodelschwinghstraße	Friedrich von Bodelschwingh der Ältere	männlich	Point(13.70834 51.04763)	1159
Bodemerweg	Jacob Georg Bodemer	männlich	Point(13.869254 51.013595)	1326
Bramschstraße	Johann Ludwig Bramsch	männlich	Point(13.69198 51.0481)	1159
Breitscheidstraße	Rudolf Breitscheid	männlich	Point(13.81208 51.01184)	1237
Brendelweg	Christian Friedrich Brendel	männlich	Point(13.70779 51.01736)	1189
Brentanostraße	Clemens Brentano	männlich	Point(13.65956 51.05956)	1157
Brockhausstraße	Friedrich Arnold Brockhaus	männlich	Point(13.78914 51.06563)	1099
Brueghelstraße	Pieter Bruegel der Ältere	männlich	Point(13.77403 51.12494)	1109
Bruno-Bürgel-Straße	Bruno H. Bürgel	männlich	Point(13.68763 51.01325)	1189
Buchnerstraße	Paul Buchner	männlich	Point(13.75685 51.02262)	1217
Bulgakowstraße	Michail Afanassjewitsch Bulgakow	männlich	Point(13.7369 51.02082)	1217
Burgkstraße	Arthur Dathe von Burgk	männlich	Point(13.69761 51.04664)	1159
Busmannstraße	Lorenz Busmann	männlich	Point(13.75507 51.0171)	1217
Bünaustraße	Heinrich von Bünau	männlich	Point(13.69933 51.03858)	1159
Böhmertstraße	Viktor Böhmert	männlich	Point(13.78515 51.06867)	1099
Böllstraße	Heinrich Böll	männlich	Point(13.7336 51.02199)	1217
Carl-Immermann-Straße	Karl Immermann	männlich	Point(13.6877 51.05517)	1157
Carl-Maria-von-Weber-Straße	Carl Maria von Weber	männlich	Point(13.8515 51.00999)	1259
Caroline-Bardua-Straße	Caroline Bardua	weiblich	Point(13.75647 51.0192)	1217
Cauerstraße	Emil Cauer der Ältere	männlich	Point(13.75182 51.02552)	1217
Chamissostraße	Adelbert von Chamisso	männlich	Point(13.68731 51.04875)	1157
Charlotte-Bühler-Straße	Charlotte Bühler	weiblich	Point(13.762637 51.081457)	1099
Charlottenstraße	Charlotte von Schiller	weiblich	Point(13.781149 51.069776)	1099
Chopinstraße	Frédéric Chopin	männlich	Point(13.83288 51.06135)	1324
Christian-Morgenstern-Straße	Christian Morgenstern	männlich	Point(13.80329 50.99869)	1257
Christian-Sültze-Straße	Christian Sültze	männlich	Point(13.80293 50.99117)	1257
Clara-Viebig-Straße	Clara Viebig	weiblich	Point(13.70398 51.03833)	1159
Clara-Zetkin-Straße	Clara Zetkin	weiblich	Point(13.69634 51.03788)	1159
Clausen-Dahl-Straße	Johan Christian Clausen Dahl	männlich	Point(13.7606 51.01557)	1219
Clemens-Müller-Straße	Clemens Müller	männlich	Point(13.76904 51.08388)	1099
Collenbuschstraße	Adolph Collenbusch	männlich	Point(13.81832 51.06277)	1324
Columbusstraße	Christoph Kolumbus	männlich	Point(13.7048 51.04581)	1159
Conrad-Felixmüller-Straße	Conrad Felixmüller	männlich	Point(13.77632 51.01748)	1219
Corinthstraße	Lovis Corinth	männlich	Point(13.76217 51.02039)	1219
Corinthstraße	Lovis Corinth	männlich	Point(13.76217 51.02039)	1217
Cornelius-Gurlitt-Straße	Cornelius Gurlitt	männlich	Point(13.68369 51.01396)	1189
Coselgasse	Constantia von Cosel	weiblich	Point(13.842552 51.020061)	1279
Coselweg	Friedrich August Cosel	männlich	Point(13.6956 51.02034)	1189
Albertstadt	Albert von Sachsen	männlich	Point(13.7575 51.08)	1099
Semperoper	Gottfried Semper	männlich	Point(13.735277777 51.054444444)	1067
Augustusbrücke	August der Starke	männlich	Point(13.739568 51.055263)	1067
Augustusbrücke	August der Starke	männlich	Point(13.739568 51.055263)	1097
Augustusstraße	August der Starke	männlich	Point(13.7392 51.0528)	1067
Emerich-Ambros-Ufer	Emerich Ambros	männlich	Point(13.6982 51.0527)	1157
Emerich-Ambros-Ufer	Emerich Ambros	männlich	Point(13.6982 51.0527)	1159
Erich Kästner Museum	Erich Kästner	männlich	Point(13.7457 51.0638)	1097
Fetscherstraße	Rainer Fetscher	männlich	Point(13.7772 51.0522)	1307
Kraszewski-Museum	Józef Ignacy Kraszewski	männlich	Point(13.76305556 51.07038889)	1099
Albertplatz	Albert von Sachsen	männlich	Point(13.7469 51.0633)	1097
Carolabrücke	Carola von Wasa-Holstein-Gottorp	weiblich	Point(13.74703 51.05456)	1067
Carolabrücke	Carola von Wasa-Holstein-Gottorp	weiblich	Point(13.74703 51.05456)	1097
Christuskirche Strehlen	Jesus Christus	männlich	Point(13.76525 51.0273)	1219
Bertheltstraße	August Berthelt	männlich	Point(13.76325 51.046035)	1307
Hähnelstraße	Ernst Hähnel	männlich	Point(13.76457 51.045695)	1307
Nicolaistraße	Hermann Nicolai	männlich	Point(13.768446 51.0468)	1307
Marie-Stritt-Straße	Marie Stritt	weiblich	Point(13.781325 51.042966)	1309
Karl-Roth-Straße	Karl Roth	männlich	Point(13.782229 51.038905)	1309
Stresemannplatz	Gustav Stresemann	männlich	Point(13.773974 51.043068)	1309
Henzestraße	Robert Henze	männlich	Point(13.771195 51.042548)	1309
Wallotstraße	Paul Wallot	männlich	Point(13.770335 51.044551)	1307
Wallotstraße	Paul Wallot	männlich	Point(13.770335 51.044551)	1309
Reinickstraße	Robert Reinick	männlich	Point(13.773404 51.044427)	1309
Paul-Gerhardt-Straße	Paul Gerhardt	männlich	Point(13.781398 51.05059)	1309
Spenerstraße	Philipp Jacob Spener	männlich	Point(13.785726 51.048666)	1309
Haydnstraße	Joseph Haydn	männlich	Point(13.777127 51.04674)	1309
Regerstraße	Max Reger	männlich	Point(13.800402 51.052291)	1309
Paulusplatz	Friedrich Heinrich Paulus	männlich	Point(13.800468 51.050655)	1309
Brucknerstraße	Anton Bruckner	männlich	Point(13.804215 51.049564)	1309
Tannenstraße	Lothar von Hausen	männlich	Point(13.754028 51.073549)	1097
Stauffenbergallee	Claus Schenk Graf von Stauffenberg	männlich	Point(13.757764 51.075897)	1099
Dr.-Friedrich-Wolf-Straße	Friedrich Wolf	männlich	Point(13.744612 51.066839)	1097
Erna-Berger-Straße	Erna Berger	weiblich	Point(13.744051 51.065513)	1097
Louisenstraße	Maria Luisa von Bourbon-Parma	weiblich	Point(13.753354 51.066481)	1099
Katharinenstraße	Katharina von Mecklenburg	weiblich	Point(13.748672 51.066395)	1099
Dürerstraße	Albrecht Dürer	männlich	Point(13.76578 51.05145)	1069
Dürerstraße	Albrecht Dürer	männlich	Point(13.76578 51.05145)	1307
Dürerstraße	Albrecht Dürer	männlich	Point(13.76578 51.05145)	1309
Timaeusstraße	August Friedrich Timaeus	männlich	Point(13.752364 51.069442)	1099
Rudolf-Leonhard-Straße	Rudolf Leonhard	männlich	Point(13.748866 51.073919)	1097
Johann-Meyer-Straße	Johann Meyer	männlich	Point(13.745289 51.074789)	1097
Conradstraße	Konrad I.	männlich	Point(13.740902 51.071708)	1097
Fritz-Reuter-Straße	Fritz Reuter	männlich	Point(13.739759 51.07382)	1097
Gutschmidstraße	Christian Gotthelf von Gutschmid	männlich	Point(13.74379 51.073839)	1097
Ottostraße	Otto	männlich	Point(13.740875 51.070631)	1097
Fritz-Hoffmann-Straße	Fritz Hoffmann	männlich	Point(13.7401 51.069162)	1097
Lessingstraße	Gotthold Ephraim Lessing	männlich	Point(13.756161 51.061855)	1099
Melanchthonstraße	Philipp Melanchthon	männlich	Point(13.754449 51.061071)	1099
Tieckstraße	Ludwig Tieck	männlich	Point(13.753174 51.061783)	1099
Martin-Luther-Straße	Martin Luther	männlich	Point(13.755905 51.064501)	1099
Martin-Luther-Platz	Martin Luther	männlich	Point(13.756704 51.064252)	1099
Wigardstraße	Franz Jacob Wigard	männlich	Point(13.750011 51.057939)	1097
Wilhelm-Buck-Straße	Wilhelm Buck	männlich	Point(13.748117 51.058334)	1097
Erich-Ponto-Straße	Erich Ponto	männlich	Point(13.747683 51.058996)	1097
Paul-Schwarze-Straße	Paul Schwarze	männlich	Point(13.746996 51.060325)	1097
Georgenstraße	Georg der Bärtige	männlich	Point(13.748277 51.062028)	1097
Hans-Oster-Straße	Hans Oster	männlich	Point(13.75675 51.07444)	1099
Andersenstraße	Hans Christian Andersen	männlich	Point(13.683082 51.083939)	1139
Andreas-Hofer-Straße	Andreas Hofer	männlich	Point(13.858313 51.003149)	1259
Angelikastraße	Angelika Kauffmann	weiblich	Point(13.78327 51.06811)	1099
Anna-Angermann-Straße	Anna Elisabeth Angermann	weiblich	Point(13.82048 51.04793)	1326
Anne-Frank-Straße	Anne Frank	weiblich	Point(13.69093 51.099937)	1445
Anton-Günther-Weg	Anton Günther	männlich	Point(13.8711 51.06484)	1328
Anton-Weck-Straße	Anton Weck	männlich	Point(13.70194 51.04094)	1159
Antonin-Dvorak-Straße	Antonín Dvořák	männlich	Point(13.80651 51.00142)	1257
Anzengruberweg	Ludwig Anzengruber	männlich	Point(13.83419 51.05298)	1326
Arltstraße	Max Ludwig Arlt	männlich	Point(13.71293 51.02093)	1187
Arno-Schellenberg-Straße	Arno Schellenberg	männlich	Point(13.788264 50.990453)	1239
Arthur-Schloßmann-Weg	Arthur Schloßmann	männlich	Point(13.75396 51.01673)	1217
Arthur-Weineck-Straße	Arthur Weineck	männlich	Point(13.67681 51.05151)	1157
August-Bebel-Straße	August Bebel	männlich	Point(13.75402 51.03052)	1219
August-Böckstiegel-Straße	Peter August Böckstiegel	männlich	Point(13.87257 51.00752)	1326
August-Röckel-Straße	August Röckel	männlich	Point(13.85137 51.008995)	1259
August-Wagner-Straße	Karl August Wagner	männlich	Point(13.79814 51.14362)	1108
Auguste-Lazar-Straße	Auguste Lazar	weiblich	Point(13.73353 51.02016)	1217
Baluschekstraße	Hans Baluschek	männlich	Point(13.70366 51.0455)	1159
Barkhausenstraße	Heinrich Barkhausen	männlich	Point(13.733053 51.027199)	1069
Barlachstraße	Ernst Barlach	männlich	Point(13.756016 51.02807)	1219
Bayrische Straße	Otto von Bismarck	männlich	Point(13.72899 51.040428)	1069
Bedrich-Smetana-Straße	Bedřich Smetana	männlich	Point(13.818752 50.995041)	1259
Behringstraße	Emil von Behring	männlich	Point(13.714162 51.052394)	1067
Behringstraße	Emil von Behring	männlich	Point(13.714162 51.052394)	1159
Moritzgasse	Moritz von Sachsen	männlich	Point(13.7409 51.050631)	1067
Akademiestraße	August von Sachsen	männlich	Point(13.746482 51.05145)	1067
Annenstraße	Anna von Dänemark (1532–1585)	weiblich	Point(13.727659 51.048657)	1067
Weinligstraße	Albert Christian Weinlig	männlich	Point(13.729774 51.046902)	1067
Ehrlichstraße	Johann Georg Ehrlich	männlich	Point(13.722982 51.051769)	1067
Alfred-Althus-Straße	Alfred Althus	männlich	Point(13.724301 51.051562)	1067
Ermischstraße	Hubert Georg Ermisch	männlich	Point(13.726685 51.051651)	1067
Sidonienstraße	Prinzessin Sidonie von Sachsen	weiblich	Point(13.737436 51.040393)	1069
Ferdinandplatz	Ferdinand IV.	männlich	Point(13.738948 51.046245)	1069
Ferdinandstraße	Ferdinand IV.	männlich	Point(13.737718 51.045499)	1069
Hans-Dankner-Straße	Hans Dankner	männlich	Point(13.739737 51.04241)	1069
Struvestraße	Friedrich Adolph August Struve	männlich	Point(13.739955 51.041512)	1069
Walpurgisstraße	Maria Antonia Walpurgis von Bayern	weiblich	Point(13.740353 51.042949)	1069
Lennéplatz	Peter Joseph Lenné	männlich	Point(13.747393 51.038035)	1069
Gellertstraße	Christian Fürchtegott Gellert	männlich	Point(13.745597 51.037885)	1069
Mary-Wigman-Straße	Mary Wigman	weiblich	Point(13.73971 51.04009)	1069
Dore-Hoyer-Straße	Dore Hoyer	weiblich	Point(13.741124 51.040039)	1069
Gret-Palucca-Straße	Gret Palucca	weiblich	Point(13.741804 51.038937)	1069
Blüherstraße	Bernhard Blüher	männlich	Point(13.748208 51.043908)	1069
Zinzendorfstraße	Nikolaus Ludwig von Zinzendorf	männlich	Point(13.744049 51.044599)	1069
Lingnerallee	Karl August Lingner	männlich	Point(13.748391 51.044816)	1069
Franklinstraße	Benjamin Franklin	männlich	Point(13.742952 51.034471)	1069
Lingnerplatz	Karl August Lingner	männlich	Point(13.747596 51.043835)	1069
Helmut-Schön-Allee	Helmut Schön	männlich	Point(13.749612 51.043106)	1069
Gerhart-Hauptmann-Straße	Gerhart Hauptmann	männlich	Point(13.749334 51.035945)	1219
Mozartstraße	Wolfgang Amadeus Mozart	männlich	Point(13.751744 51.035923)	1219
Richard-Wagner-Straße	Richard Wagner	männlich	Point(13.753803 51.034764)	1219
Beethovenstraße	Ludwig van Beethoven	männlich	Point(13.75621 51.034031)	1219
Herderstraße	Johann Gottfried Herder	männlich	Point(13.760409 51.032807)	1219
Voßstraße	Johann Heinrich Voß	männlich	Point(13.764443 51.031399)	1219
Leon-Pohle-Straße	Leon Pohle	männlich	Point(13.766774 51.030561)	1219
Oskarstraße	Oskar II.	männlich	Point(13.761564 51.031545)	1219
Franz-Liszt-Straße	Franz Liszt	männlich	Point(13.756872 51.031502)	1219
Schlömilchstraße	Oskar Schlömilch	männlich	Point(13.817224 51.034588)	1279
Bockemühlstraße	Alfred Bockemühl	männlich	Point(13.819343 51.03427)	1279
Rittershausstraße	Trajan Rittershaus	männlich	Point(13.82033 51.033406)	1279
Theodor-Friedrich-Weg	Theodor Friedrich	männlich	Point(13.822415 51.033153)	1279
Bellingrathstraße	Ewald Bellingrath	männlich	Point(13.824523 51.033144)	1279
Calvinstraße	Johannes Calvin	männlich	Point(13.787009 51.034475)	1277
Beilstraße	Eva Rosine Beil	weiblich	Point(13.779899 51.03247)	1277
Friedrich-Bouché-Weg	Friedrich Bouché	männlich	Point(13.7662 51.03989)	1219
Herkulesallee	Herakles	männlich	Point(13.763524 51.039355)	1219
Lewickistraße	Leonidas Lewicki	männlich	Point(13.820299 51.029603)	1279
Nagelstraße	August Nagel	männlich	Point(13.818114 51.02896)	1279
Herbert-Wehner-Platz	Herbert Wehner	männlich	Point(13.736208 51.049097)	1067
Toeplerstraße	August Toepler	männlich	Point(13.82163 51.029214)	1279
Schulze-Delitzsch-Straße	Hermann Schulze-Delitzsch	männlich	Point(13.81817 51.02951)	1279
Stephanstraße	Heinrich von Stephan	männlich	Point(13.71507 51.09362)	1129
Lichtenbergweg	Georg Christoph Lichtenberg	männlich	Point(13.710436 51.090962)	1129
Böttgerstraße	Johann Friedrich Böttger	männlich	Point(13.713196 51.09259)	1129
Burgsdorffstraße	Curt Ludwig Franz von Burgsdorff	männlich	Point(13.716534 51.093667)	1129
Kopernikusstraße	Nikolaus Kopernikus	männlich	Point(13.710944 51.091806)	1129
Halleystraße	Edmond Halley	männlich	Point(13.708405 51.092663)	1129
Dopplerstraße	Christian Doppler	männlich	Point(13.70739 51.093187)	1129
Fraunhoferstraße	Joseph von Fraunhofer	männlich	Point(13.705467 51.092649)	1129
Abbestraße	Ernst Abbe	männlich	Point(13.706615 51.093409)	1129
Zeiss-Abbe-Straße	Ernst Abbe	männlich	Point(13.79181 51.15054)	1108
Carl-Zeiß-Straße	Carl Zeiß	männlich	Point(13.706913 51.094479)	1129
Benzstraße	Carl Benz	männlich	Point(13.706121 51.092892)	1129
Brehmweg	Christian Ludwig Brehm	männlich	Point(13.706437 51.092652)	1129
Steinheilstraße	Carl August von Steinheil	männlich	Point(13.708594 51.093035)	1129
Galileistraße	Galileo Galilei	männlich	Point(13.709214 51.097461)	1129
Eulerstraße	Leonhard Euler	männlich	Point(13.70501 51.096573)	1129
Maria-Kirch-Straße	Maria Margaretha Kirch	weiblich	Point(13.70354 51.096141)	1129
Morseweg	Samuel F. B. Morse	männlich	Point(13.701969 51.094579)	1129
Kleestraße	Julius Ludwig Klee	männlich	Point(13.702142 51.092148)	1139
Richard-Rösch-Straße	Richard Rösch	männlich	Point(13.703141 51.091946)	1129
Seumestraße	Johann Gottfried Seume	männlich	Point(13.727713 51.087946)	1129
Rückertstraße	Friedrich Rückert	männlich	Point(13.726057 51.089126)	1129
Hans-Sachs-Straße	Hans Sachs	männlich	Point(13.727215 51.087356)	1129
Kleiststraße	Heinrich von Kleist	männlich	Point(13.727374 51.086368)	1129
Maxim-Gorki-Straße	Maxim Gorki	männlich	Point(13.729981 51.089055)	1127
Maxim-Gorki-Straße	Maxim Gorki	männlich	Point(13.729981 51.089055)	1129
Dorothea-Erxleben-Straße	Dorothea Christiane Erxleben	weiblich	Point(13.72151 51.094884)	1129
Bolivarstraße	Simón Bolívar	männlich	Point(13.722351 51.09412)	1129
Virchowstraße	Rudolf Virchow	männlich	Point(13.722003 51.094413)	1129
Albert-Hensel-Straße	Albert Hensel	männlich	Point(13.729658 51.094058)	1129
Meinholdstraße	Carl Christian Meinhold	männlich	Point(13.733626 51.099016)	1129
Fiedlerstraße	Alfred Fiedler	männlich	Point(13.778421 51.054022)	1307
Mildred-Scheel-Straße	Mildred Scheel	weiblich	Point(13.784034 51.055058)	1307
Terscheckstraße	Carl Adolph Terscheck	männlich	Point(13.774286 51.056933)	1307
Bönischplatz	Karl Friedrich Emil Bönisch	männlich	Point(13.762848 51.055816)	1307
Gutenbergstraße	Johannes Gutenberg	männlich	Point(13.769605 51.058009)	1307
Alfred-Schrapel-Straße	Alfred Schrapel	männlich	Point(13.769492 51.059442)	1307
Arnoldstraße	Johann Christoph Arnold	männlich	Point(13.768382 51.057209)	1307
Pfeifferhannsstraße	Heinrich Pfeiffer	männlich	Point(13.765624 51.05754)	1307
Florian-Geyer-Straße	Florian Geyer	männlich	Point(13.761798 51.057004)	1307
Bundschuhstraße	August Neidhardt von Gneisenau	männlich	Point(13.762643 51.057034)	1307
Thomas-Müntzer-Platz	Thomas Müntzer	männlich	Point(13.766742 51.059233)	1307
Roßbachstraße	Arwed Roßbach	männlich	Point(13.754481 51.054261)	1069
Rietschelstraße	Ernst Rietschel	männlich	Point(13.75375 51.052741)	1069
Pestalozzistraße	Johann Heinrich Pestalozzi	männlich	Point(13.75667 51.05132)	1069
Mathildenstraße	Mathilde von Sachsen	weiblich	Point(13.75255 51.048989)	1069
Blochmannstraße	Rudolf Sigismund Blochmann	männlich	Point(13.754569 51.048342)	1069
Rathenauplatz	Walther Rathenau	männlich	Point(13.747126 51.051496)	1069
Uhlandstraße	Ludwig Uhland	männlich	Point(13.738102 51.034603)	1069
Andreas-Schubert-Straße	Johann Andreas Schubert	männlich	Point(13.736215 51.035911)	1069
Dr.-Külz-Ring	Wilhelm Külz	männlich	Point(13.737697 51.047327)	1067
Curt-Guratzsch-Straße	Curt Guratzsch	männlich	Point(13.82277 51.00019)	1257
Curt-Querner-Straße	Curt Querner	männlich	Point(13.777413 51.016322)	1219
Damaschkestraße	Adolf Damaschke	männlich	Point(13.859785 51.000585)	1259
Darwinstraße	Charles Darwin	männlich	Point(13.78453 51.11797)	1109
Defreggerstraße	Franz Defregger	männlich	Point(13.76303 51.0229)	1219
Degelestraße	Eugen Degele	männlich	Point(13.82821 51.06154)	1324
Dessauerstraße	Leopold I.	männlich	Point(13.67737 51.04161)	1169
Dettmerstraße	Friedrich Dettmer	männlich	Point(13.71445 51.08144)	1139
Dieselstraße	Rudolf Diesel	männlich	Point(13.827434 51.008191)	1257
Diesterwegstraße	Adolph Diesterweg	männlich	Point(13.852566 51.000561)	1259
Donndorfstraße	Adolf von Donndorf	männlich	Point(13.7528 51.02509)	1217
Dora-Stock-Straße	Dora Stock	weiblich	Point(13.7511 51.021696)	1217
Dora-Zschille-Straße	Dora Zschille	weiblich	Point(13.79732 50.98828)	1257
Dostojewskistraße	Fjodor Michailowitsch Dostojewski	männlich	Point(13.80989 51.06271)	1326
Droste-Hülshoff-Straße	Annette von Droste-Hülshoff	weiblich	Point(13.66647 51.06059)	1157
Edmund-Moeller-Weg	Edmund Moeller	männlich	Point(13.784463 51.018669)	1219
Egon-Erwin-Kisch-Straße	Egon Erwin Kisch	männlich	Point(13.73825 51.03128)	1069
Eichendorffstraße	Joseph von Eichendorff	männlich	Point(13.7044 51.04482)	1159
Einsteinstraße	Albert Einstein	männlich	Point(13.732905 51.03056)	1069
Elfride-Trötschel-Straße	Elfride Trötschel	weiblich	Point(13.79271 50.99184)	1239
Elisabeth-Boer-Straße	Elisabeth Boer	weiblich	Point(13.75943 51.08343)	1099
Elsa-Brändström-Straße	Elsa Brändström	weiblich	Point(13.76552 51.02589)	1219
Emil-Rosenow-Straße	Emil Rosenow	männlich	Point(13.69525 51.01254)	1189
Emil-Ueberall-Straße	Herbert von Bismarck	männlich	Point(13.69263 51.04373)	1159
Enno-Heidebroek-Straße	Enno Heidebroek	männlich	Point(13.79418 51.01613)	1237
Erich-Kästner-Straße	Erich Kästner	männlich	Point(13.80668 50.99656)	1257
Erich-Ockert-Weg	Erich Ockert	männlich	Point(13.79234 51.13916)	1108
Erlweinstraße	Hans Erlwein	männlich	Point(13.7349 51.03048)	1069
Erna-Sack-Straße	Erna Sack	weiblich	Point(13.78892 50.99089)	1239
Ernst-Toller-Straße	Ernst Toller	männlich	Point(13.80457 51.00014)	1257
Ernst-Wagner-Straße	Ernst Wagner	männlich	Point(13.7071 51.11594)	1468
Eugen-Bracht-Straße	Eugen Bracht	männlich	Point(13.77316 51.02232)	1219
Eugen-Dieterich-Straße	Eugen Dieterich	männlich	Point(13.84933 51.02826)	1326
Eva-Schulze-Knabe-Straße	Eva Schulze-Knabe	weiblich	Point(13.78348 51.01871)	1219
Ewald-Kluge-Straße	Ewald Kluge	männlich	Point(13.79475 51.13895)	1108
Ewald-Schönberg-Straße	Ewald Schönberg	männlich	Point(13.74364 51.02635)	1217
Fabricestraße	Alfred von Fabrice	männlich	Point(13.75491 51.08167)	1099
Fanny-Lewald-Straße	Fanny Lewald	weiblich	Point(13.8597 51.00348)	1259
Felix-Dahn-Weg	Felix Dahn	männlich	Point(13.67399 51.06272)	1157
Fichtestraße	Johann Gottlieb Fichte	männlich	Point(13.77775 51.11801)	1109
Fidelio-F.-Finke-Straße	Fidelio F. Finke	männlich	Point(13.81596 51.05198)	1326
Floriangasse	Florian von Lorch	männlich	Point(13.867824 51.146854)	1465
Prof.-Ricker-Straße	Gustav Ricker	männlich	Point(13.809156 51.024664)	1277
Paracelsusstraße	Paracelsus	männlich	Point(13.811008 51.023554)	1277
Hahnemannstraße	Samuel Hahnemann	männlich	Point(13.812362 51.023915)	1237
Suttnerstraße	Bertha von Suttner	weiblich	Point(13.812795 51.021702)	1237
Hanns-Rothbarth-Straße	Hanns Rothbarth	männlich	Point(13.812983 51.022212)	1237
Basedowstraße	Johann Bernhard Basedow	männlich	Point(13.813881 51.022362)	1237
Ackermannstraße	Karl Gustav Ackermann	männlich	Point(13.74768 51.0313)	1217
Adalbert-Stifter-Weg	Adalbert Stifter	männlich	Point(13.66077 51.05193)	1157
Agnes-Smedley-Straße	Agnes Smedley	weiblich	Point(13.70443 51.03326)	1187
Agneshöhe	Agnes Hottenroth	weiblich	Point(13.841721 51.038526)	1326
Albert-Fromme-Weg	Albert Fromme	männlich	Point(13.75149 51.08247)	1099
Albert-Richter-Straße	Albert Richter	männlich	Point(13.838606 51.122108)	1465
Albert-Schweitzer-Straße	Albert Schweitzer	männlich	Point(13.706702 51.021325)	1187
Albrechtshöhe	Albrecht der Beherzte	männlich	Point(13.62529 51.08051)	1156
Alexander-Herzen-Straße	Alexander Iwanowitsch Herzen	männlich	Point(13.786584 51.119335)	1109
Alfred-Darre-Weg	Max Alfred Darre	männlich	Point(13.6835 51.0242)	1187
Alfred-Schmieder-Straße	Alfred Schmieder	männlich	Point(13.6934 51.0324)	1159
Alfred-Thiele-Straße	Alfred Thiele	männlich	Point(13.687497 51.032032)	1159
Alojs-Andricki-Straße	Alois Andritzki	männlich	Point(13.829614 51.062928)	1324
Rudolf-Mauersberger-Straße	Rudolf Mauersberger	männlich	Point(13.774499 51.040645)	1309
Am Bramschkontor	Johann Ludwig Bramsch	männlich	Point(13.71928 51.06158)	1067
Junghansstraße	Eugen Ferdinand Junghans	männlich	Point(13.79306 51.0378)	1277
Körnerplatz	Christian Gottfried Körner	männlich	Point(13.81457 51.05417)	1326
Behrischstraße	Burkhard Leberecht Behrisch	männlich	Point(13.80334 51.04383)	1277
Tzschimmerstraße	Gabriel Tzschimmer	männlich	Point(13.79566 51.04693)	1309
Chiaverigasse	Gaetano Chiaveri	männlich	Point(13.737256 51.053124)	1067
Hertha-Lindner-Straße	Herta Lindner	weiblich	Point(13.72903 51.051467)	1067
Devrientstraße	Gustav Emil Devrient	männlich	Point(13.731281 51.057407)	1067
Bernhard-von-Lindenau-Platz	Bernhard von Lindenau	männlich	Point(13.733741 51.056035)	1067
Maxstraße	Maximilian von Sachsen	männlich	Point(13.727073 51.056821)	1067
Jahnstraße	Friedrich Ludwig Jahn	männlich	Point(13.723804 51.054727)	1067
Antonstraße	Anton	männlich	Point(13.742027 51.064692)	1097
Sophienstraße	Sophie von Brandenburg	weiblich	Point(13.734444 51.051944)	1067
Königsheimplatz	Arthur Willibald Königsheim	männlich	Point(13.78672 51.0538)	1307
Käthe-Kollwitz-Ufer	Käthe Kollwitz	weiblich	Point(13.783616 51.060718)	1307
Käthe-Kollwitz-Ufer	Käthe Kollwitz	weiblich	Point(13.783616 51.060718)	1309
Jorge-Gomondai-Platz	Jorge Gomondai	männlich	Point(13.74496 51.06181)	1097
Pastor-Roller-Kirche	Samuel David Roller	männlich	Point(13.807935 51.151451)	1108
Reichenbachstraße	Ludwig Reichenbach	männlich	Point(13.740472222 51.032527777)	1069
Reichenbachstraße	Ludwig Reichenbach	männlich	Point(13.740472222 51.032527777)	1217
Könneritzstraße	Leonce von Könneritz	männlich	Point(13.724444 51.055833)	1067
Stübelallee	Paul Alfred Stübel	männlich	Point(13.7699 51.04013)	1307
Stübelallee	Paul Alfred Stübel	männlich	Point(13.7699 51.04013)	1309
Goetheallee	Johann Wolfgang von Goethe	männlich	Point(13.7953 51.0577)	1309
Naumannstraße	Johann Gottlieb Naumann	männlich	Point(13.80531 51.0526)	1309
Robert-Blum-Straße	Robert Blum	männlich	Point(13.73755 51.06233)	1097
Zwinglistraße	Huldrych Zwingli	männlich	Point(13.78322 51.03395)	1277
Köpckestraße	Claus Koepcke	männlich	Point(13.74372 51.05729)	1097
Caspar-David-Friedrich-Straße	Caspar David Friedrich	männlich	Point(13.7575 51.02728)	1219
Caspar-David-Friedrich-Straße	Caspar David Friedrich	männlich	Point(13.7575 51.02728)	1217
Friedrichstraße	Friedrich August I.	männlich	Point(13.71941 51.0595)	1067
Güntzstraße	Elija	männlich	Point(13.7575 51.0507)	1069
Güntzstraße	Elija	männlich	Point(13.7575 51.0507)	1307
Güntzstraße	Justus Friedrich Güntz	männlich	Point(13.7575 51.0507)	1069
Güntzstraße	Justus Friedrich Güntz	männlich	Point(13.7575 51.0507)	1307
Pohlandstraße	Carl Christian Pohland	männlich	Point(13.79696 51.04664)	1309
Ermelstraße	Friedrich August Ermel	männlich	Point(13.79839 51.04565)	1277
Karcherallee	Johann Friedrich Karcher	männlich	Point(13.77458 51.03319)	1219
Karcherallee	Johann Friedrich Karcher	männlich	Point(13.77458 51.03319)	1277
Bernhardstraße	Bernhard von Lindenau	männlich	Point(13.71892 51.03215)	1069
Bernhardstraße	Bernhard von Lindenau	männlich	Point(13.71892 51.03215)	1187
Lennéstraße	Peter Joseph Lenné	männlich	Point(13.75088 51.0421)	1069
Rudolf-Renner-Straße	Rudolf Renner	männlich	Point(13.69251 51.04747)	1157
Rudolf-Renner-Straße	Rudolf Renner	männlich	Point(13.69251 51.04747)	1159
Altstrehlen	Friedrich August III.	männlich	Point(13.76288 51.02718)	1219
Pfotenhauerstraße	Wilhelm Pfotenhauer	männlich	Point(13.77215 51.05763)	1307
Hertelstraße	Theodor Julius Hertel	männlich	Point(13.77221 51.05842)	1307
Neubertstraße	Heinrich Moritz Neubert	männlich	Point(13.77437 51.05836)	1307
Mommsenstraße	Theodor Mommsen	männlich	Point(13.72833 51.0272)	1069
Helmholtzstraße	Hermann von Helmholtz	männlich	Point(13.725 51.02812)	1069
George-Bähr-Straße	George Bähr	männlich	Point(13.72554 51.02985)	1069
Liebigstraße	Justus von Liebig	männlich	Point(13.72238 51.03322)	1069
Liebigstraße	Justus von Liebig	männlich	Point(13.72238 51.03322)	1187
Eisenstuckstraße	Christian Gottlieb Eisenstuck	männlich	Point(13.72264 51.03523)	1069
Jacobistraße	Johann Georg Ferdinand Jacobi	männlich	Point(13.79506 51.04791)	1309
Anton-Graff-Straße	Anton Graff	männlich	Point(13.772651111 51.045063888)	1309
Gabelsbergerstraße	Franz Xaver Gabelsberger	männlich	Point(13.776412 51.04935)	1307
Gabelsbergerstraße	Franz Xaver Gabelsberger	männlich	Point(13.776412 51.04935)	1309
Dornblüthstraße	Marcus Dornblüth	männlich	Point(13.799837 51.044437)	1277
Bergmannstraße	Ehregott Friedrich Bergmann	männlich	Point(13.789572 51.045027)	1309
Bertolt-Brecht-Allee	Bertolt Brecht	männlich	Point(13.780644 51.04225)	1309
Comeniusstraße	Johann Amos Comenius	männlich	Point(13.768107 51.042335)	1307
Comeniusstraße	Johann Amos Comenius	männlich	Point(13.768107 51.042335)	1309
Arno-Lade-Straße	Arno Lade	männlich	Point(13.718967 51.080015)	1127
Hüblerplatz	Balthasar Hübler	männlich	Point(13.793991 51.048973)	1309
Prellerstraße	Friedrich Preller der Jüngere	männlich	Point(13.79832 51.052616)	1309
Hüblerstraße	Balthasar Hübler	männlich	Point(13.799176 51.050385)	1309
Lene-Glatzer-Straße	Friedrich I.	männlich	Point(13.791326 51.050248)	1309
Lene-Glatzer-Straße	Helene Glatzer	weiblich	Point(13.791326 51.050248)	1309
Rosa-Menzer-Straße	Rosa Menzer	weiblich	Point(13.788946 51.046716)	1309
Barbarossaplatz	Friedrich I.	männlich	Point(13.790798 51.048416)	1309
Pohlandplatz	Carl Christian Pohland	männlich	Point(13.794346 51.043357)	1309
Tittmannstraße	Karl Christian Tittmann	männlich	Point(13.78305 51.048279)	1309
Hans-Böheim-Straße	Hans Böhm	männlich	Point(13.776593 51.046006)	1309
Krenkelstraße	Max Krenkel	männlich	Point(13.776226 51.04644)	1309
Heubnerstraße	Otto Leonhard Heubner	männlich	Point(13.775667 51.04101)	1309
Holbeinstraße	Hans Holbein der Jüngere	männlich	Point(13.774905 51.04843)	1307
Holbeinstraße	Hans Holbein der Jüngere	männlich	Point(13.774905 51.04843)	1309
Lipsiusstraße	Constantin Lipsius	männlich	Point(13.772418 51.041565)	1309
Löscherstraße	Valentin Ernst Löscher	männlich	Point(13.782647 51.049813)	1309
Mosenstraße	Julius Mosen	männlich	Point(13.777045 51.043712)	1309
Müller-Berset-Straße	Marie Berset	weiblich	Point(13.778157 51.042035)	1309
Melitta-Bentz-Straße	Melitta Bentz	weiblich	Point(13.764416 51.086093)	1099
Meschwitzstraße	Friedrich Wilhelm Meschwitz	männlich	Point(13.766304 51.084114)	1099
Michaelisstraße	Johann Gottlieb Michaelis	männlich	Point(13.80081 50.99414)	1257
Müller-Armack-Straße	Alfred Müller-Armack	männlich	Point(13.77504 51.12836)	1109
Nicodéstraße	Jean Louis Nicodé	männlich	Point(13.834772 51.123897)	1465
Oeserstraße	Adam Friedrich Oeser	männlich	Point(13.82195 51.05312)	1326
Oskar-Kokoschka-Straße	Oskar Kokoschka	männlich	Point(13.7692 51.02686)	1219
Oskar-von-Miller-Straße	Oskar von Miller	männlich	Point(13.83053 50.98616)	1259
Otto-Altenkirch-Straße	Otto Altenkirch	männlich	Point(13.74472 51.02463)	1217
Otto-Ludwig-Straße	Otto Ludwig	männlich	Point(13.84046 51.03817)	1326
Otto-Schindler-Straße	Otto Schindler	männlich	Point(13.87646 51.00658)	1326
Pabststraße	Julius Pabst	männlich	Point(13.830855 51.057239)	1326
Pastor-Roller-Straße	Samuel David Roller	männlich	Point(13.80478 51.15141)	1108
Patrice-Lumumba-Straße	Patrice Lumumba	männlich	Point(13.74527 51.02994)	1217
Paul-Wicke-Straße	Paul Wicke	männlich	Point(13.79682 51.14281)	1108
Peter-Vischer-Straße	Peter Vischer der Ältere	männlich	Point(13.829564 50.986809)	1259
Pochmannstraße	Traugott Leberecht Pochmann	männlich	Point(13.77281 51.02238)	1219
Prof.-von-Finck-Straße	Julius Finck	männlich	Point(13.78375 51.11538)	1109
Raimundstraße	Ferdinand Raimund	männlich	Point(13.68758 51.05723)	1157
Rathenaustraße	Walther Rathenau	männlich	Point(13.8024 51.14343)	1108
Reckestraße	Elisa von der Recke	weiblich	Point(13.705825 51.029053)	1187
Renkstraße	Friedrich Renk	männlich	Point(13.73485 51.03109)	1069
Richard-Riemerschmid-Straße	Richard Riemerschmid	männlich	Point(13.75345 51.11735)	1109
Hallwachsstraße	Wilhelm Hallwachs	männlich	Point(13.72656 51.02627)	1069
Dülferstraße	Martin Dülfer	männlich	Point(13.72721 51.02672)	1069
Weißbachstraße	Karl Weißbach	männlich	Point(13.72918 51.02673)	1069
Zeunerstraße	Friedrich Wilhelm III.	männlich	Point(13.73262 51.0266)	1069
Zeunerstraße	Gustav Zeuner	männlich	Point(13.73262 51.0266)	1069
Wernerstraße	Abraham Gottlob Werner	männlich	Point(13.70396 51.04628)	1159
Heinrich-Greif-Straße	Heinrich Greif	männlich	Point(13.74249 51.02694)	1217
Karl-Laux-Straße	Karl Laux	männlich	Point(13.77461 51.01163)	1219
Kurt-Exner-Weg	Ernst Kurt Exner	männlich	Point(13.77278 51.01098)	1219
Wilhelm-Franke-Straße	Wilhelm Franke	männlich	Point(13.76972 51.01265)	1219
Thomas-Mann-Straße	Thomas Mann	männlich	Point(13.77159 51.01028)	1219
Ricarda-Huch-Straße	Ricarda Huch	weiblich	Point(13.76796 51.0101)	1219
Theodor-Storm-Straße	Theodor Storm	männlich	Point(13.7716 51.00959)	1219
Heinrich-Heine-Straße	Heinrich Heine	männlich	Point(13.77354 51.00892)	1219
Ingeborg-Bachmann-Straße	Ingeborg Bachmann	weiblich	Point(13.77238 51.00889)	1219
Marianne-Bruns-Straße	Marianne Bruns	weiblich	Point(13.77151 51.00874)	1219
Martin-Raschke-Straße	Martin Raschke	männlich	Point(13.77071 51.00882)	1219
Kurt-Liebmann-Straße	Kurt Liebmann	männlich	Point(13.76996 51.00897)	1219
Röntgenstraße	Wilhelm Conrad Röntgen	männlich	Point(13.77227 51.00576)	1239
Schnorrstraße	Julius Schnorr von Carolsfeld	männlich	Point(13.73863 51.03461)	1069
Semperstraße	Gottfried Semper	männlich	Point(13.74589 51.03372)	1069
Wielandstraße	Christoph Martin Wieland	männlich	Point(13.72478 51.04178)	1069
Winckelmannstraße	Johann Joachim Winckelmann	männlich	Point(13.73032 51.03717)	1069
Rabenerstraße	Gottlieb Wilhelm Rabener	männlich	Point(13.7393 51.03544)	1069
Gutzkowstraße	Karl Gutzkow	männlich	Point(13.74035 51.03404)	1069
Rohlfsstraße	Gerhard Rohlfs	männlich	Point(13.73829 51.03203)	1069
Kellstraße	Karl Hermann Kell	männlich	Point(13.71865 51.0424)	1069
Henriette-Heber-Straße	Henriette Heber	weiblich	Point(13.71869 51.04117)	1069
Lahmannring	Heinrich Lahmann	männlich	Point(13.81757 51.06394)	1324
Lehnertstraße	Theodor Lehnert	männlich	Point(13.81708 51.06287)	1324
Hermann-Prell-Straße	Hermann Prell	männlich	Point(13.8136 51.06274)	1326
Hermann-Prell-Straße	Hermann Prell	männlich	Point(13.8136 51.06274)	1324
Küntzelmannstraße	Ludwig Küntzelmann	männlich	Point(13.81633 51.0628)	1324
Oskar-Pletsch-Straße	Oscar Pletsch	männlich	Point(13.82227 51.06042)	1324
Luboldtstraße	Rudolf August Luboldt	männlich	Point(13.8201 51.06172)	1324
Oskar-Seyffert-Straße	Oskar Seyffert	männlich	Point(13.68803 51.01163)	1189
Paul-Büttner-Straße	Paul Büttner	männlich	Point(13.68994 51.00941)	1189
Schillingstraße	Johannes Schilling	männlich	Point(13.70173 51.04245)	1159
Gröbelstraße	Christian Ernst August Gröbel	männlich	Point(13.70227 51.04308)	1159
Franz-Bänsch-Straße	Franz Bänsch	männlich	Point(13.74322 51.01823)	1217
Franz-Curti-Straße	Franz Curti	männlich	Point(13.82885 51.05189)	1326
Franz-Latzel-Straße	Franz Latzel	männlich	Point(13.83851 51.00776)	1257
Franz-Mehring-Straße	Franz Mehring	männlich	Point(13.81342 51.01654)	1237
Franz-Rädlein-Weg	Franz Rädlein	männlich	Point(13.81721 51.14735)	1108
Franz-Werfel-Straße	Franz Werfel	männlich	Point(13.808646 50.999143)	1257
Franziska-Tiburtius-Straße	Franziska Tiburtius	weiblich	Point(13.83266 51.04991)	1326
Freiligrathstraße	Ferdinand Freiligrath	männlich	Point(13.6802 51.06074)	1157
Friederike-Serre-Weg	Friederike Serre	weiblich	Point(13.79044 51.02477)	1237
Friedrich-Adolph-Sorge-Straße	Friedrich Adolf Sorge	männlich	Point(13.82123 51.00079)	1257
Friedrich-August-Straße	Friedrich August III.	männlich	Point(13.60669 51.08999)	1156
Friedrich-Ebert-Straße	Friedrich Ebert	männlich	Point(13.82873 50.99461)	1259
Friedrich-Hegel-Straße	Georg Wilhelm Friedrich Hegel	männlich	Point(13.71143 51.02441)	1187
Friedrich-Kind-Straße	Johann Friedrich Kind	männlich	Point(13.85005 51.00977)	1259
Friedrich-Press-Straße	Friedrich Press	männlich	Point(13.82014 51.04828)	1326
Friedrich-Wieck-Straße	Friedrich Wieck	männlich	Point(13.813455 51.053483)	1326
Friedrich-Wolf-Straße	Friedrich Wolf	männlich	Point(13.83767 51.12502)	1465
Fritz-Busch-Straße	Fritz Busch	männlich	Point(13.77346 51.01292)	1219
Fritz-Meinhardt-Straße	Fritz Meinhardt	männlich	Point(13.78606 50.99535)	1239
Fritz-Schreiter-Straße	Fritz Schreiter	männlich	Point(13.84833 50.99103)	1259
Fritz-Schulze-Straße	Fritz Schulze	männlich	Point(13.69976 51.03095)	1159
Försterlingstraße	Friedrich Wilhelm Emil Försterling	männlich	Point(13.83223 51.00261)	1259
Försterstraße	Friedrich Wilhelm Foerster	männlich	Point(13.68952 51.01068)	1189
Ganghoferstraße	Ludwig Ganghofer	männlich	Point(13.84985 51.00076)	1259
Geinitzstraße	Hanns Bruno Geinitz	männlich	Point(13.746099 51.031352)	1217
Georg-Estler-Straße	Georg Estler	männlich	Point(13.78591 51.11385)	1109
Georg-Marwitz-Straße	Georg Marwitz	männlich	Point(13.80774 51.01873)	1237
Georg-Mehrtens-Straße	Georg Christoph Mehrtens	männlich	Point(13.7935 51.01551)	1237
Georg-Palitzsch-Straße	Johann Georg Palitzsch	männlich	Point(13.7934 51.00393)	1239
Georg-Schumann-Straße	Georg Schumann	männlich	Point(13.72186 51.02795)	1187
Georg-Wrba-Straße	Georg Wrba	männlich	Point(13.747348 51.032729)	1069
Gertrud-Caspari-Straße	Gertrud Caspari	weiblich	Point(13.78077 51.11465)	1109
Geystraße	Leonhard Gey	männlich	Point(13.75562 51.02338)	1217
Gillestraße	Christian Friedrich Gille	männlich	Point(13.770362 51.018225)	1219
Goethestraße	Johann Wolfgang von Goethe	männlich	Point(13.78386 51.1193)	1109
Gohliser Straße	Hermann Ahlwardt	männlich	Point(13.69555 51.04723)	1157
Gohliser Straße	Hermann Ahlwardt	männlich	Point(13.69555 51.04723)	1159
Ludwig-Kugelmann-Straße	Louis Kugelmann	männlich	Point(13.842852 51.004255)	1259
Putjatinstraße	Nikolai Abramowitsch Putjatin	männlich	Point(13.84739 51.00405)	1259
Peter-Schmoll-Straße	Peter Schmoll	männlich	Point(13.856577 51.00949)	1259
Hans Körnig Museum	Hans Körnig	männlich	Point(13.74014 51.06146)	1097
Otto-Pilz-Straße	Otto Pilz	männlich	Point(13.75331 51.01967)	1217
Gußmannstraße	Otto Gussmann	männlich	Point(13.75769 51.02193)	1217
Knöffelstraße	Johann Christoph Knöffel	männlich	Point(13.75648 51.02311)	1217
Albertbrücke	Albert von Sachsen	männlich	Point(13.7545 51.0573)	1069
Albertbrücke	Albert von Sachsen	männlich	Point(13.7545 51.0573)	1307
Albertbrücke	Albert von Sachsen	männlich	Point(13.7545 51.0573)	1097
Albertbrücke	Albert von Sachsen	männlich	Point(13.7545 51.0573)	1099
Fröbelstraße	Friedrich Fröbel	männlich	Point(13.7051 51.0511)	1159
Königstraße	August der Starke	männlich	Point(13.741 51.0609)	1097
Marienbrücke	Maria Anna von Bayern	weiblich	Point(13.7319 51.0608)	1067
Marienbrücke	Maria Anna von Bayern	weiblich	Point(13.7319 51.0608)	1097
Marienstraße	Maria Anna von Bayern	weiblich	Point(13.7329 51.0488)	1067
Schillerplatz	Friedrich Schiller	männlich	Point(13.8069 51.0521)	1309
Wasaplatz	Gustav von Schweden	männlich	Point(13.7594 51.0282)	1219
Washingtonstraße	George Washington	männlich	Point(13.6925 51.0833)	1139
Albertstraße	Albert von Sachsen	männlich	Point(13.7461 51.0603)	1097
Antonsplatz	Anton	männlich	Point(13.7336 51.0489)	1067
Ammonstraße	Christoph Ammon	männlich	Point(13.7224 51.0461)	1067
Ammonstraße	Christoph Ammon	männlich	Point(13.7224 51.0461)	1069
Fritz-Foerster-Platz	Fritz Foerster	männlich	Point(13.730678 51.030255)	1069
Rosa-Luxemburg-Platz	Rosa Luxemburg	weiblich	Point(13.75291667 51.05868056)	1097
Rosa-Luxemburg-Platz	Rosa Luxemburg	weiblich	Point(13.75291667 51.05868056)	1099
Carolaplatz	Carola von Wasa-Holstein-Gottorp	weiblich	Point(13.74633333 51.05733333)	1097
Beethovenstraße	Ludwig van Beethoven	männlich	Point(13.84375 51.12459)	1465
Roßweiner Straße	Christoph von Carlowitz	männlich	Point(13.68536 51.04268)	1159
Rubensweg	Peter Paul Rubens	männlich	Point(13.747578 51.022286)	1217
Rudi-Lattner-Straße	Rudi Lattner	männlich	Point(13.69425 51.02829)	1187
Rudolf-Harbig-Weg	Rudolf Harbig	männlich	Point(13.72476 51.06234)	1067
Rudolf-Kempe-Straße	Rudolf Kempe	männlich	Point(13.78955 50.99128)	1239
Rudolf-Nehmer-Straße	Rudolf Nehmer	männlich	Point(13.76577 51.124)	1109
Rudolf-Trache-Straße	Rudolf Trache	männlich	Point(13.825164 51.126617)	1465
Rugestraße	Sophus Ruge	männlich	Point(13.727445 51.033865)	1069
Schaberschulstraße	Max Schaberschul	männlich	Point(13.820509 51.129071)	1465
Schaumbergerstraße	Heinrich Schaumberger	männlich	Point(13.67265 51.05816)	1157
Schillerstraße	Friedrich Schiller	männlich	Point(13.812772 51.060006)	1326
Schillerstraße (Gohlis)	Friedrich Schiller	männlich	Point(13.635204 51.089816)	1156
Schillerstraße (Langebrück)	Friedrich Schiller	männlich	Point(13.847825 51.128046)	1465
Schillingplatz	Johannes Schilling	männlich	Point(13.699377 51.042318)	1159
Schleiermacherstraße	Friedrich Schleiermacher	männlich	Point(13.703999 51.027815)	1187
Schongauerstraße	Martin Schongauer	männlich	Point(13.818283 50.993945)	1259
Schopenhauerstraße	Arthur Schopenhauer	männlich	Point(13.70635 51.02461)	1187
Schumannstraße	Robert Schumann	männlich	Point(13.765805 51.04488)	1307
Siemensstraße	Werner von Siemens	männlich	Point(13.82919 51.00377)	1257
Silcherstraße	Friedrich Silcher	männlich	Point(13.77081 51.10986)	1109
Spittastraße	Philipp Spitta	männlich	Point(13.786457 51.048133)	1309
Straußstraße	Moritz August Strauß	männlich	Point(13.8346 51.06127)	1324
Tauberthstraße	Otto Volkmar Tauberth	männlich	Point(13.690895 51.068269)	1139
Theodor-Fontane-Straße	Theodor Fontane	männlich	Point(13.787375 51.121795)	1109
Tichystraße	Hans Tichy	männlich	Point(13.776786 51.118434)	1109
Tirmannstraße	Nicolaus Tirmann	männlich	Point(13.736743 51.018222)	1217
Toni-Sender-Straße	Tony Sender	weiblich	Point(13.752406 51.082922)	1099
Gerhart-Hauptmann-Straße (Langebrück)	Gerhart Hauptmann	männlich	Point(13.834 51.12362)	1465
Traute-Richter-Straße	Traute Richter	weiblich	Point(13.76702 51.11579)	1109
Tschirnhausstraße	Ehrenfried Walther von Tschirnhaus	männlich	Point(13.784645 50.994723)	1239
Waltherstraße	Hermann Walther	männlich	Point(13.7092 51.0567)	1067
Leibnizstraße	Gottfried Wilhelm Leibniz	männlich	Point(13.70748 51.02229)	1187
Hantzschstraße	Adolf Hantzsch	männlich	Point(13.71295 51.02021)	1187
Klopstockstraße	Friedrich Gottlieb Klopstock	männlich	Point(13.69 51.05076)	1157
Hölderlinstraße	Friedrich Hölderlin	männlich	Point(13.68792 51.05225)	1157
Hebbelstraße	Friedrich Hebbel	männlich	Point(13.68592 51.05469)	1157
Mörikestraße	Eduard Mörike	männlich	Point(13.68472 51.0567)	1157
Hermann-Seidel-Straße	Hermann Seidel	männlich	Point(13.83377 51.02705)	1279
Neuberinstraße	Friederike Caroline Neuber	weiblich	Point(13.83843 51.02698)	1279
Havemannstraße	Robert Havemann	männlich	Point(13.82799 51.02148)	1279
Melli-Beese-Straße	Melli Beese	weiblich	Point(13.83457 51.0189)	1279
Gustav-Hartmann-Straße	Gustav Hartmann	männlich	Point(13.83697 51.01983)	1279
Schoberstraße	Friedrich Immanuel Schober	männlich	Point(13.83654 51.02267)	1279
Rudolf-Zwintscher-Straße	Rudolf Zwintscher	männlich	Point(13.83993 51.02329)	1279
Paul-Wiegler-Straße	Paul Wiegler	männlich	Point(13.74316 51.02576)	1217
Rungestraße	Philipp Otto Runge	männlich	Point(13.74857 51.02606)	1217
Schinkelstraße	Karl Friedrich Schinkel	männlich	Point(13.74621 51.02601)	1217
Tizianstraße	Tizian	männlich	Point(13.74841 51.02704)	1217
Thormeyerstraße	Gottlob Friedrich Thormeyer	männlich	Point(13.75095 51.02537)	1217
Schurichtstraße	Christian Friedrich Schuricht	männlich	Point(13.75259 51.02452)	1217
Stephensonstraße	George Stephenson	männlich	Point(13.82816 51.00666)	1257
Hertzstraße	Heinrich Hertz	männlich	Point(13.82605 51.00983)	1257
Guerickestraße	Otto von Guericke	männlich	Point(13.82522 51.00705)	1257
Klettestraße	Hermann Klette	männlich	Point(13.82625 51.0081)	1257
Lilienthalstraße	Otto Lilienthal	männlich	Point(13.82368 51.00852)	1257
Zamenhofstraße	Ludwik Lejzer Zamenhof	männlich	Point(13.81947 51.01104)	1257
Wilhelm-Liebknecht-Straße	Wilhelm Liebknecht	männlich	Point(13.81124 51.01187)	1257
Singerstraße	Paul Singer	männlich	Point(13.81299 51.01273)	1257
Josef-Moll-Straße	Maximilien Joseph Moll	männlich	Point(13.81402 51.01277)	1257
Kadenstraße	August Kaden	männlich	Point(13.81246 51.01607)	1237
Vollmarstraße	Georg von Vollmar	männlich	Point(13.81101 51.01597)	1237
Lassallestraße	Ferdinand Lassalle	männlich	Point(13.81107 51.0196)	1237
Oskar-Röder-Straße	Oskar Röder	männlich	Point(13.79465 51.02169)	1237
Wilhelm-Rudolph-Straße	Wilhelm Rudolph	männlich	Point(13.7799 51.02016)	1219
Hans-Jüchser-Straße	Hans Jüchser	männlich	Point(13.78204 51.02017)	1219
Walter-Arnold-Straße	Walter Arnold	männlich	Point(13.78073 51.01733)	1219
Wilhelm-Lachnit-Straße	Wilhelm Lachnit	männlich	Point(13.77892 51.01622)	1219
Gudehusstraße	Heinrich Gudehus	männlich	Point(13.78349 51.0163)	1237
Seebachstraße	Nikolaus Graf von Seebach	männlich	Point(13.78042 51.01512)	1237
Wieckestraße	Paul Wiecke	männlich	Point(13.7818 51.01565)	1237
Scheidemantelstraße	Karl Scheidemantel	männlich	Point(13.78464 51.01645)	1237
Schuchstraße	Ernst von Schuch	männlich	Point(13.78551 51.01594)	1237
Perronstraße	Karl Perron	männlich	Point(13.78497 51.0133)	1237
Schroeterstraße	Johann Hieronymus Schroeter	männlich	Point(13.78403 51.01344)	1237
Robert-Matzke-Straße	Robert Matzke	männlich	Point(13.717922 51.0795518)	1127
Carusufer	Carl Gustav Carus	männlich	Point(13.755725 51.06011944)	1099
Fritz-Löffler-Straße	Fritz Löffler	männlich	Point(13.732134 51.036533)	1069
St. Petersburger Straße	Friedrich Christian	männlich	Point(13.744234 51.04813)	1069
F.-C.-Weiskopf-Platz	Franz Carl Weiskopf	männlich	Point(13.70676 51.02962)	1187
Valeria-Kratina-Weg	Valeria Kratina	weiblich	Point(13.754468 51.114855)	1109
Van-Gogh-Straße	Vincent van Gogh	männlich	Point(13.8618 51.01641)	1326
Victor-Klemperer-Straße	Victor Klemperer	männlich	Point(13.733081 51.021001)	1217
Friedrich-Ebert-Straße	Friedrich Ebert	männlich	Point(13.852662 51.130269)	1465
Vogelsteinstraße	Carl Christian Vogel von Vogelstein	männlich	Point(13.76962 51.026161)	1219
Wernerplatz	Abraham Gottlob Werner	männlich	Point(13.705141 51.046252)	1159
Waldmüllerstraße	Charles Edouard Duboc	männlich	Point(13.84151 51.0402)	1326
August-Bebel-Straße	August Bebel	männlich	Point(13.818655 51.128101)	1465
Wasastraße	Gustav von Schweden	männlich	Point(13.75809 51.03019)	1219
Weberweg	Carl Maria von Weber	männlich	Point(13.862591 51.015248)	1328
Werner-Hartmann-Straße	Werner Hartmann	männlich	Point(13.76389 51.08585)	1099
Wilhelm-Külz-Straße	Wilhelm Külz	männlich	Point(13.746384 51.116543)	1109
Wilhelm-Wolf-Straße	Wilhelm Wolff	männlich	Point(13.876809 51.008772)	1326
Wilhelmine-Reichard-Ring	Wilhelmine Reichard	weiblich	Point(13.765323 51.123898)	1109
William-Shakespeare-Straße	William Shakespeare	männlich	Point(13.7664 51.11012)	1109
Wundtstraße	Wilhelm Wundt	männlich	Point(13.74823 51.02952)	1217
Zeiss-Abbe-Straße	Carl Zeiß	männlich	Point(13.79181 51.15054)	1108
Zinggstraße	Adrian Zingg	männlich	Point(13.69773 51.07034)	1139
Fritz-Löffler-Platz	Fritz Löffler	männlich	Point(13.73048 51.03278)	1069
Weberplatz	Carl Maria von Weber	männlich	Point(13.74898 51.03068)	1217
Richard-Strauss-Platz	Richard Strauss	männlich	Point(13.74938 51.03572)	1219
Käthe-Kollwitz-Platz	Käthe Kollwitz	weiblich	Point(13.78936 51.11905)	1109
Albertplatz	Albert von Sachsen	männlich	Point(13.61158 51.08212)	1156
Bismarckplatz	Otto von Bismarck	männlich	Point(13.63235 51.08655)	1156
Goetzplatz	Ferdinand Goetz	männlich	Point(13.850815 51.00641)	1259
Güntzplatz	Justus Friedrich Güntz	männlich	Point(13.758432 51.054029)	1307
Albert-Wolf-Platz	Albert Wolf	männlich	Point(13.802165 51.008246)	1239
Amalie-Dietrich-Platz	Amalie Dietrich	weiblich	Point(13.678106 51.045352)	1169
Ebertplatz	Friedrich Ebert	männlich	Point(13.705247 51.041777)	1159
Kerstingstraße	Georg Friedrich Kersting	männlich	Point(13.75752 51.02347)	1217
Heinrich-Zille-Straße	Heinrich Zille	männlich	Point(13.75851 51.02634)	1219
Lannerstraße	Joseph Lanner	männlich	Point(13.76075 51.02727)	1219
Julius-Otto-Straße	Ernst Julius Otto	männlich	Point(13.75915 51.03083)	1219
Gustav-Adolf-Straße	Gustav II. Adolf	männlich	Point(13.75776 51.02978)	1219
Robert-Koch-Straße	Robert Koch	männlich	Point(13.76051 51.02447)	1219
Lenbachstraße	Franz von Lenbach	männlich	Point(13.76074 51.02492)	1219
Gotthardt-Kuehl-Straße	Gotthardt Kuehl	männlich	Point(13.76385 51.02242)	1219
Max-Klinger-Straße	Max Klinger	männlich	Point(13.76093 51.02083)	1217
Leiblstraße	Wilhelm Leibl	männlich	Point(13.76062 51.02212)	1217
Trübnerstraße	Wilhelm Trübner	männlich	Point(13.76049 51.02152)	1217
Hans-Thoma-Straße	Hans Thoma	männlich	Point(13.76125 51.02189)	1219
Hans-Thoma-Straße	Hans Thoma	männlich	Point(13.76125 51.02189)	1217
Julius-Scholtz-Straße	Julius Scholtz	männlich	Point(13.75575 51.01954)	1217
Feuerbachstraße	Anselm Feuerbach	männlich	Point(13.76437 51.01913)	1219
Robert-Sterl-Straße	Robert Sterl	männlich	Point(13.76366 51.01827)	1219
Wittenstraße	Hans Witten von Köln	männlich	Point(13.76275 51.01778)	1219
Uhdestraße	Fritz von Uhde	männlich	Point(13.76614 51.01841)	1219
Rembrandtstraße	Rembrandt	männlich	Point(13.76683 51.01907)	1219
Spitzwegstraße	Carl Spitzweg	männlich	Point(13.76678 51.01572)	1219
Hochmannweg	Franz Hochmann	männlich	Point(13.76918 51.01527)	1219
Hans-Otto-Weg	Hans Otto	männlich	Point(13.77858 51.0117)	1219
Otto-Reinhold-Weg	Otto Reinhold	männlich	Point(13.77471 51.01243)	1219
Johannes-Paul-Thilman-Straße	Johannes Paul Thilman	männlich	Point(13.77568 51.01288)	1219
Hagedornplatz	Christian Ludwig von Hagedorn	männlich	Point(13.77728 51.02289)	1219
Rudolf-Bergander-Ring	Rudolf Bergander	männlich	Point(13.78087 51.02155)	1219
Lehmannstraße	Johann Georg Lehmann	männlich	Point(13.78687 51.01737)	1237
Hildebrandstraße	Adolf von Hildebrand	männlich	Point(13.75501 51.02905)	1219
Preußstraße	Hugo Preuß	männlich	Point(13.8301 51.0601)	1324
Siegmund-Loewe-Straße	Siegmund Loewe	männlich	Point(13.9007 51.06457)	1328
Klarastraße	Clara Schumann	weiblich	Point(13.78196 51.0683)	1099
Judeichstraße	Helene Judeich	weiblich	Point(13.78469 51.06792)	1099
Schönbergstraße	Gotthelf Friedrich von Schönberg (1631–1708)	männlich	Point(13.78549 51.00158)	1239
Louise-Seidler-Straße	Louise Seidler	weiblich	Point(13.75162 51.0208)	1217
Wilhelm-Busch-Straße	Wilhelm Busch	männlich	Point(13.75753 51.01645)	1217
Martin-Andersen-Nexö-Straße	Martin Andersen Nexø	männlich	Point(13.73199 51.019836)	1217
Ludwig-Renn-Allee	Ludwig Renn	männlich	Point(13.73517 51.0203)	1217
Michelangelostraße	Michelangelo	männlich	Point(13.74286 51.02214)	1217
Hempelstraße	Walther Hempel	männlich	Point(13.73405 51.02718)	1069
Haeckelstraße	Ernst Haeckel	männlich	Point(13.73351 51.0277)	1069
Wunderlichstraße	Arthur Bruno Wunderlich	männlich	Point(13.80528 51.06446)	1326
Schevenstraße	Katharina Scheven	weiblich	Point(13.80772 51.06109)	1326
Stürenburgstraße	Heinrich Stürenburg	männlich	Point(13.80461 51.06306)	1326
Heymelstraße	Adolph Heymel	männlich	Point(13.80654 51.06236)	1326
Tolstoistraße	Lew Nikolajewitsch Tolstoi	männlich	Point(13.80728 51.06273)	1326
Marie-Simon-Straße	Marie Simon	weiblich	Point(13.80839 51.0632)	1326
Klengelstraße	Wolf Caspar von Klengel	männlich	Point(13.80912 51.0622)	1326
Leonhardistraße	Eduard Leonhardi	männlich	Point(13.81563 51.05802)	1326
Lotte-Meyer-Straße	Lotte Meyer	weiblich	Point(13.65649 51.05193)	1157
Kurt-Frölich-Straße	Kurt Frölich	männlich	Point(13.75969 51.02562)	1219
Otto-Mohr-Straße	Christian Otto Mohr	männlich	Point(13.7945 51.01444)	1237
Hülßestraße	Julius Ambrosius Hülße	männlich	Point(13.79223 51.01226)	1237
Keplerstraße	Johannes Kepler	männlich	Point(13.78427 51.01472)	1237
Lohrmannstraße	Wilhelm Gotthelf Lohrmann	männlich	Point(13.7894 51.01818)	1237
Otto-Dix-Ring	Otto Dix	männlich	Point(13.77349 51.01835)	1219
Heinz-Lohmar-Weg	Heinz Lohmar	männlich	Point(13.77499 51.01919)	1219
Rayskistraße	Ferdinand von Rayski	männlich	Point(13.76724 51.0256)	1219
Reisstraße	Philipp Reis	männlich	Point(13.823 51.00518)	1257
Pfarrer-Schneider-Straße	Paul Schneider	männlich	Point(13.82092 50.99935)	1257
Heinrich-Mann-Straße	Heinrich Mann	männlich	Point(13.80247 50.99745)	1257
Stollestraße	Ferdinand Stolle	männlich	Point(13.6915 51.04434)	1159
Hübnerstraße	Julius Hübner	männlich	Point(13.72582 51.03433)	1069
Hübnerstraße	Julius Hübner	männlich	Point(13.72582 51.03433)	1187
Hettnerstraße	Hermann Hettner	männlich	Point(13.72723 51.03074)	1069
Williamstraße	William Fichtner	männlich	Point(13.6864 51.04211)	1159
Wendel-Hipler-Straße	Wendel Hipler	männlich	Point(13.67996 51.04016)	1159
Oskar-Mai-Straße	Oskar Mai	männlich	Point(13.68093 51.03801)	1159
Max-Schwarze-Straße	Max Schwarze	männlich	Point(13.79869 50.991)	1257
Hermann-Conradi-Straße	Hermann Conradi	männlich	Point(13.80626 50.98986)	1257
Kurt-Böhme-Straße	Kurt Böhme	männlich	Point(13.79756 50.98762)	1257
Zeppelinstraße	Ferdinand von Zeppelin	männlich	Point(13.81699 51.06059)	1324
Oskar-Zwintscher-Straße	Oskar Zwintscher	männlich	Point(13.81706 51.05953)	1324
Heinz-Bongartz-Straße	Heinz Bongartz	männlich	Point(13.79167 50.991)	1239
Herbert-Collum-Straße	Herbert Collum	männlich	Point(13.79396 50.98972)	1239
Rudolf-Dittrich-Straße	Rudolf Dittrich	männlich	Point(13.79368 50.98911)	1239
Liesel-von-Schuch-Straße	Elisabeth von Schuch	weiblich	Point(13.79509 50.99106)	1239
Osterhausenstraße	Johann Georg von Osterhausen	männlich	Point(13.79457 50.99214)	1239
Joseph-Keilberth-Straße	Joseph Keilberth	männlich	Point(13.78906 50.99213)	1239
Nestroystraße	Johann Nestroy	männlich	Point(13.80353 50.99994)	1257
Ulrichstraße	Pauline Ulrich	weiblich	Point(13.82593 51.05691)	1326
Wuttkestraße	Robert Wuttke	männlich	Point(13.82436 51.05707)	1326
Hermann-Hesse-Straße	Hermann Hesse	männlich	Point(13.82022 51.06495)	1324
Silberweg	Helene Silber	weiblich	Point(13.82428 51.06349)	1324
Karl-Schmidt-Weg	Karl Schmidt	männlich	Point(13.824 51.0563)	1326
Tiedgestraße	Christoph August Tiedge	männlich	Point(13.82664 51.05438)	1326
Sierksstraße	Hans Ludwig Sierks	männlich	Point(13.8231 51.05376)	1326
Heinz-Steyer-Straße	Heinz Steyer	männlich	Point(13.67796 51.05115)	1157
Gottfried-Keller-Straße	Gottfried Keller	männlich	Point(13.67921 51.05583)	1157
Uthmannstraße	Gustav Adolf Uthmann	männlich	Point(13.668 51.0389)	1169
Leßkestraße	Friedrich August Leßke	männlich	Point(13.66884 51.03809)	1169
Schreberstraße	Moritz Schreber	männlich	Point(13.66049 51.04351)	1169
Reuningstraße	Theodor Reuning	männlich	Point(13.65508 51.04949)	1169
Lise-Meitner-Straße	Lise Meitner	weiblich	Point(13.66264 51.05122)	1169
Harry-Dember-Straße	Harry Dember	männlich	Point(13.66239 51.05029)	1169
Goethestraße	Johann Wolfgang von Goethe	männlich	Point(13.848995 51.128296)	1465
Gottfried-Keller-Platz	Gottfried Keller	männlich	Point(13.676557 51.062449)	1157
Grillparzerplatz	Franz Grillparzer	männlich	Point(13.682885 51.055307)	1157
Hohenthalplatz	Peter Carl Wilhelm von Hohenthal	männlich	Point(13.71386 51.058741)	1067
Josef-Hegenbarth-Weg	Josef Hegenbarth	männlich	Point(13.825231 51.046939)	1326
Marta-Fraenkel-Straße	Marta Fraenkel	weiblich	Point(13.742048 51.069595)	1097
Merianplatz	Maria Sibylla Merian	weiblich	Point(13.670396 51.045212)	1169
Moreauweg	Jean-Victor Moreau	männlich	Point(13.735581 51.023206)	1217
Olbrichtplatz	Friedrich Olbricht	männlich	Point(13.758463 51.076533)	1099
Riegelplatz	Herman Riegel	männlich	Point(13.686128 51.083687)	1139
Rietschelweg	Ernst Rietschel	männlich	Point(13.816384 51.056116)	1326
Schillerplatz	Friedrich Schiller	männlich	Point(13.846684 51.127355)	1465
Eichendorffsteig	Joseph von Eichendorff	männlich	Point(13.838748 51.043327)	1326
Gustav-Adolf-Platz	Gustav II. Adolf	männlich	Point(13.760388 51.030151)	1219
Viktor-Böhmert-Weg	Viktor Böhmert	männlich	Point(13.830293 51.041035)	1326
Grillparzerstraße	Franz Grillparzer	männlich	Point(13.68267 51.05472)	1157
Lönsweg	Hermann Löns	männlich	Point(13.68556 51.05917)	1157
Semmelweisstraße	Ignaz Semmelweis	männlich	Point(13.70748 51.05042)	1159
Potthoffstraße	Gerhart Potthoff	männlich	Point(13.70437 51.05362)	1159
Klaus-Groth-Straße	Klaus Groth	männlich	Point(13.67625 51.05701)	1157
Roquettestraße	Otto Roquette	männlich	Point(13.67772 51.06166)	1157
Wilhelm-Raabe-Straße	Wilhelm Raabe	männlich	Point(13.67265 51.06265)	1157
Heroldstraße	Johann Salomon Herold	männlich	Point(13.67107 51.0612)	1157
Herweghstraße	Georg Herwegh	männlich	Point(13.66987 51.06103)	1157
Wilhelm-Müller-Straße	Wilhelm Müller	männlich	Point(13.66916 51.06069)	1157
Max-Sachs-Straße	Max Sachs	männlich	Point(13.66751 51.06575)	1157
Martin-Opitz-Straße	Martin Opitz	männlich	Point(13.66036 51.06038)	1157
Ludwig-Kossuth-Straße	Lajos Kossuth	männlich	Point(13.73808 51.11771)	1109
Hauboldstraße	Georg Gottlieb Haubold	männlich	Point(13.78549 51.00434)	1239
Köhlerstraße	Johann Gottfried Köhler	männlich	Point(13.78838 51.0043)	1239
Kurt-Tucholsky-Straße	Kurt Tucholsky	männlich	Point(13.80506 50.99744)	1257
Krügerstraße	Carl Reinhard Krüger	männlich	Point(13.83008 51.05151)	1326
Kotzschweg	August Kotzsch	männlich	Point(13.82777 51.04923)	1326
Roseggerstraße	Peter Rosegger	männlich	Point(13.83239 51.05305)	1326
Ludwig-Richter-Straße	Ludwig Richter	männlich	Point(13.82692 51.05124)	1326
Robert-Diez-Straße	Robert Diez	männlich	Point(13.82414 51.05161)	1326
Josef-Herrmann-Straße	Josef Herrmann	männlich	Point(13.82836 51.04215)	1326
Therese-Malten-Straße	Therese Malten	weiblich	Point(13.85813 51.00637)	1259
Wilhelm-Weitling-Straße	Wilhelm Weitling	männlich	Point(13.86567 51.00181)	1259
Käthe-Kollwitz-Straße	Käthe Kollwitz	weiblich	Point(13.86066 51.00453)	1259
Wilhelm-Bölsche-Straße	Wilhelm Bölsche	männlich	Point(13.85822 51.0021)	1259
Heinrich-Bauer-Straße	Heinrich Bauer	männlich	Point(13.8554 51.00213)	1259
Johannes-Brahms-Straße	Johannes Brahms	männlich	Point(13.85689 51.00075)	1259
Lönsstraße	Hermann Löns	männlich	Point(13.85278 50.99988)	1259
Rubinsteinstraße	Anton Grigorjewitsch Rubinstein	männlich	Point(13.83508 51.00397)	1259
Marie-Hankel-Straße	Marie Hankel	weiblich	Point(13.83326 51.01908)	1279
Besselplatz	Friedrich Wilhelm Bessel	männlich	Point(13.7864 51.01332)	1237
Marie-Wittich-Straße	Marie Wittich	weiblich	Point(13.77883 51.01307)	1237
Hermann-Schmitt-Platz	Hermann Schmitt	männlich	Point(13.82499 50.99278)	1259
Albert-Venus-Weg	Franz Albert Venus	männlich	Point(13.82804 51.04984)	1326
Prof.-Billroth-Straße	Theodor Billroth	männlich	Point(13.82789 50.99722)	1259
Bonhoefferplatz	Dietrich Bonhoeffer	männlich	Point(13.70169 51.03871)	1159
Bünauplatz	Heinrich von Bünau	männlich	Point(13.69949 51.04077)	1159
Conertplatz	Herbert Conert	männlich	Point(13.69251 51.04585)	1159
Edmund-Leistner-Weg	Edmund Leistner	männlich	Point(13.837789 51.025753)	1279
Putjatinplatz	Nikolai Abramowitsch Putjatin	männlich	Point(13.848643 51.004242)	1259
August-Bebel-Straße (Cossebaude)	August Bebel	männlich	Point(13.63305 51.08641)	1156
Gustav-Schwab-Straße	Gustav Schwab	männlich	Point(13.68344 51.08483)	1139
Hartmut-Dost-Straße	Friedrich Hartmut Dost	männlich	Point(13.75272 51.08021)	1099
Hartwigweg	Leberecht Hartwig	männlich	Point(13.638571 51.040885)	1156
Hauerstraße	Carl Hauer	männlich	Point(13.780452 51.120093)	1109
Hauffstraße	Wilhelm Hauff	männlich	Point(13.735896 51.033065)	1069
Hebbelplatz	Friedrich Hebbel	männlich	Point(13.682923 51.051796)	1157
Heinrich-Cotta-Straße	Heinrich Cotta	männlich	Point(13.834985 51.063931)	1324
Heinrich-Heine-Straße	Heinrich Heine	männlich	Point(13.8203 51.12643)	1465
Heinrich-Klemm-Weg	Heinrich Klemm	männlich	Point(13.64459 51.03315)	1156
Heinrich-Mann-Straße	Heinrich Mann	männlich	Point(13.63392 51.08693)	1156
Heinrich-Tessenow-Weg	Heinrich Tessenow	männlich	Point(13.756754 51.113032)	1109
Helena-Rott-Straße	Helena Rott	weiblich	Point(13.79491 50.991591)	1239
Hermann-Glöckner-Straße	Hermann Glöckner	männlich	Point(13.819434 51.049027)	1326
Hermann-Krone-Straße	Hermann Krone	männlich	Point(13.835476 51.028135)	1279
Hermann-Löns-Straße	Hermann Löns	männlich	Point(13.86954 51.06546)	1328
Hermann-Mende-Straße	Otto Hermann Mende	männlich	Point(13.76552 51.08674)	1099
Hermann-Reichelt-Straße	Hermann Reichelt	männlich	Point(13.7633 51.1206)	1109
Hermann-Vogel-Straße	Hermann Vogel	männlich	Point(13.825393 51.051853)	1326
Hottenrothstraße	Woldemar Hottenroth	männlich	Point(13.8409 51.03971)	1326
Hugo-Bürkner-Straße	Hugo Bürkner	männlich	Point(13.765742 51.022237)	1219
Hugo-Hickmann-Straße	Hugo Hickmann	männlich	Point(13.83111 51.12353)	1465
Hugo-Junkers-Ring	Hugo Junkers	männlich	Point(13.79182 51.13101)	1109
Inger-Karén-Straße	Inger Karén	weiblich	Point(13.78897 50.99116)	1239
Jakob-Weinheimer-Straße	Jakob Weinheimer	männlich	Point(13.83574 51.12318)	1465
Julie-Salinger-Weg	Julie Salinger	weiblich	Point(13.75408 51.06374)	1099
Julius-Vahlteich-Straße	Julius Vahlteich	männlich	Point(13.67997 51.04584)	1159
Kantstraße	Immanuel Kant	männlich	Point(13.70502 51.02743)	1187
Karl-Gjellerup-Straße	Karl Gjellerup	männlich	Point(13.76757 51.11636)	1109
Karl-Liebknecht-Straße	Karl Liebknecht	männlich	Point(13.756662 51.112185)	1109
Karl-Marx-Straße	Karl Marx	männlich	Point(13.77027 51.11615)	1109
Karl-Stein-Straße	Karl Stein	männlich	Point(13.68416 51.01385)	1189
Kolpingstraße	Adolf Kolping	männlich	Point(13.63633 51.09053)	1156
Konrad-Zuse-Straße	Konrad Zuse	männlich	Point(13.78415 51.12628)	1109
Korolenkostraße	Wladimir Galaktionowitsch Korolenko	männlich	Point(13.77851 51.11369)	1109
Krausestraße	Karl Christian Friedrich Krause	männlich	Point(13.70497 51.028177)	1187
Kunzstraße	Karl Theodor Kunz	männlich	Point(13.733018 51.075182)	1127
Kurt-Beyer-Straße	Kurt Beyer	männlich	Point(13.795305 51.015143)	1237
Kügelgenstraße	Gerhard von Kügelgen	männlich	Point(13.823564 51.047808)	1326
Kügelgenweg	Wilhelm von Kügelgen	männlich	Point(13.806491 51.155647)	1108
Käthe-Kollwitz-Straße (Cossebaude)	Käthe Kollwitz	weiblich	Point(13.6321 51.086)	1156
Königsufer	Albert von Sachsen	männlich	Point(13.74451 51.05632)	1097
Leonardo-da-Vinci-Straße	Leonardo da Vinci	männlich	Point(13.86544 51.01326)	1326
Leonhard-Frank-Straße	Leonhard Frank	männlich	Point(13.73816 51.03041)	1069
Breitscheidstraße (Cossebaude)	Rudolf Breitscheid	männlich	Point(13.63521 51.08283)	1156
Lessingstraße (Langebrück)	Gotthold Ephraim Lessing	männlich	Point(13.8393 51.12812)	1465
Liebknechtstraße	Karl Liebknecht	männlich	Point(13.60774 51.08128)	1156
Erna-Berger-Straße (Cossebaude)	Erna Berger	weiblich	Point(13.62462 51.08865)	1156
Lindenaustraße	Bernhard von Lindenau	männlich	Point(13.72945 51.03782)	1069
Lochnerstraße	Stefan Lochner	männlich	Point(13.808683 50.989417)	1257
Lotzestraße	Hermann Lotze	männlich	Point(13.7148 51.02522)	1187
Ludwig-Ermold-Straße	Ludwig Ermold	männlich	Point(13.74402 51.02949)	1217
Ludwig-Jahn-Straße	Friedrich Ludwig Jahn	männlich	Point(13.77197 51.11132)	1109
Manfred-Streubel-Weg	Manfred Streubel	männlich	Point(13.64955 51.089184)	1156
Manfred-von-Ardenne-Ring	Manfred von Ardenne	männlich	Point(13.76929 51.09651)	1099
Maria-Reiche-Straße	Maria Reiche	weiblich	Point(13.784624 51.125406)	1109
Martin-Luther-Ring	Martin Luther	männlich	Point(13.649509 51.079255)	1156
Mary-Krebs-Straße	Mary Krebs-Brenning	weiblich	Point(13.762764 51.028056)	1219
Mathias-Oeder-Straße	Matthias Oeder	männlich	Point(13.78867 51.0719)	1099
Max-Liebermann-Straße	Max Liebermann	männlich	Point(13.74227 51.0297)	1217
Max-Kosler-Straße	Max Kosler	männlich	Point(13.88139 51.06265)	1328
Maxie-Wander-Straße	Maxie Wander	weiblich	Point(13.807531 50.996268)	1257
Lili-Elbe-Straße	Lili Elbe	trans Frau	Point(13.767082 51.054398)	1307
